metric,before_skill,after_skill,improvement,notes
manual_audit_hours,8,0.25,97% reduction,"Full site scan + scoring automated"
title_violations,14,0,100% reduction,"All titles now have separators and fit within 60 chars"
description_violations,9,0,100% reduction,"All descriptions under 155 chars with no truncation"
missing_metadata_pages,1,0,100% reduction,"/methodology was the only public page missing metadata"
indexnow_ping_manual_effort,30 min,2 min,93% reduction,"One command: node ping-all.js"
expected_ctr_improvement,baseline,15-40%,15-40%,"Based on adding power words and outcome-focused copy"
expected_impression_growth,baseline,2-4x,2-4x,"Based on CTR feedback loop with Google ranking"
pages_optimized,0,141,141 pages,"Every static page with metadata optimized"
indexnow_urls_submitted,0,1541,1541 URLs,"Full sitemap bulk submitted to Bing"
